<?xml version="1.0"?>
<!DOCTYPE hibernate-mapping PUBLIC "-//Hibernate/Hibernate Mapping DTD//EN" "http://hibernate.sourceforge.net/hibernate-mapping-1.1.dtd">

<hibernate-mapping>
    <class name="Foo" table="foo">
        <id name="id" column="id" type="int">
            <generator class="assigned"/>
        </id>

        <map role="ages">
            <key column="id"/>
            <composite-index class="Person">
                <key-property name="name" type="string" column="name"/>
                <key-many-to-one name="address" class="Address" column="addr_id"/>
            </composite-index>
            <element column="age" type="string"/>
        </map>
    </class>

    <class name="Address" table="address">
        <id name="id" column="id" type="int">
            <generator class="assigned"/>
        </id>
    </class>
</hibernate-mapping>
