<?xml version="1.0"?>
<!DOCTYPE hibernate-mapping PUBLIC "-//Hibernate/Hibernate Mapping DTD//EN" "http://hibernate.sourceforge.net/hibernate-mapping-1.1.dtd">

<hibernate-mapping>
    <class name="Foo" table="foo">
        <id name="id" column="foo_id" type="int">
            <generator class="assigned"/>
        </id>

        <set role="barSnafus" table="foo_bar_snafu">
            <key column="foo_id"/>
            <composite-element class="BarSnafu">
                <many-to-one name="bar" class="Bar" column="bar_id"/>
                <many-to-one name="snafu" class="Snafu" column="snafu_id"/>
            </composite-element>
        </set>
    </class>
    <class name="Bar" table="bar">
        <id name="id" column="bar_id" type="int">
            <generator class="assigned"/>
        </id>
    </class>
    <class name="Snafu" table="snafu">
        <id name="id" column="snafu_id" type="int">
            <generator class="assigned"/>
        </id>
    </class>
</hibernate-mapping>
