<?xml version="1.0"?>
<!DOCTYPE hibernate-mapping PUBLIC "-//Hibernate/Hibernate Mapping DTD//EN" "http://hibernate.sourceforge.net/hibernate-mapping-1.1.dtd">

<hibernate-mapping>
    <class name="Foo" table="foo">
        <id name="id" column="id" type="int">
            <generator class="assigned"/>
        </id>
        <one-to-one name="bar" class="Bar"/>
    </class>

    <class name="Bar" table="bar">
        <id name="id" column="id" type="int">
            <generator class="assigned"/>
        </id>
    </class>
</hibernate-mapping>
