<?xml version="1.0"?>
<!DOCTYPE hibernate-mapping PUBLIC "-//Hibernate/Hibernate Mapping DTD//EN" "http://hibernate.sourceforge.net/hibernate-mapping-1.1.dtd">

<hibernate-mapping>
    <set role="seconds">
        <key column="id" type="string">
              <generator class="uuid.hex"/>
        </key>
        <composite-element class="FooSecond">
            <property name="firstName"/>
            <property name="lastName"/>
        </composite-element>
    </set>

    <class name="Foo" table="foo">
        <id name="id" column="id" type="int">
              <generator class="assigned"/>
        </id>
        <collection name="seconds" column="seconds_id" role="seconds"/>
    </class>
</hibernate-mapping>
