<?xml version="1.0"?>
<!DOCTYPE hibernate-mapping PUBLIC "-//Hibernate/Hibernate Mapping DTD//EN" "http://hibernate.sourceforge.net/hibernate-mapping-1.1.dtd">

<hibernate-mapping>
    <class name="Foo" table="foo">
        <id name="id" column="id" type="int">
            <generator class="assigned"/>
        </id>

        <map role="ages">
            <key column="id"/>
            <index-many-to-many column="person_id" class="Person"/>
            <element column="age" type="string"/>
        </map>
    </class>

    <class name="Person" table="person">
        <id name="id" column="id" type="int">
            <generator class="assigned"/>
        </id>

        <property name="name" column="name" type="string"/>
    </class>
</hibernate-mapping>
