<?xml version="1.0"?>
<!DOCTYPE hibernate-mapping PUBLIC "-//Hibernate/Hibernate Mapping DTD//EN" "http://hibernate.sourceforge.net/hibernate-mapping-1.1.dtd">

<hibernate-mapping>
    <class name="Foo" table="foo">
        <id name="id" column="id" type="int">
            <generator class="assigned"/>
        </id>
        <property name="name" column="name" type="string"/>

        <joined-subclass name="Bar" table="bar">
            <key column="foo_id"/>
            <property name="age" column="age" type="string"/>
        </joined-subclass>
    </class>
</hibernate-mapping>
