<?xml version="1.0"?>
<!DOCTYPE hibernate-mapping PUBLIC "-//Hibernate/Hibernate Mapping DTD//EN" "http://hibernate.sourceforge.net/hibernate-mapping-1.1.dtd">

<hibernate-mapping>
    <class name="Foo" table="foo" discriminator-value="F" >
        <id name="id" column="id" type="int">
            <generator class="assigned"/>
        </id>

        <discriminator column="class"/>

        <subclass name="Bar" discriminator-value="B">
            <property name="name" column="name" type="string"/>
        </subclass>
    </class>
</hibernate-mapping>
