<?xml version="1.0"?>
<!DOCTYPE hibernate-mapping PUBLIC "-//Hibernate/Hibernate Mapping DTD//EN" "http://hibernate.sourceforge.net/hibernate-mapping-1.1.dtd">

<hibernate-mapping>
    <set role="names" table="names">
        <key column="id" type="string">
            <generator class="uuid.hex"/>
        </key>
        <element column="name" type="string"/>
    </set>

    <class name="Foo" table="foo">
        <id name="id" column="id" type="int">
            <generator class="assigned"/>
        </id>
        <collection name="names" column="name_id" role="names"/>
    </class>
</hibernate-mapping>
